,have_SH_sia,have_SH_sic,have_SH_piC,have_SH_siv,no_ens_historical,no_ens_ssp245,1st member (hist)
ACCESS-CM2,yes,yes,yes,yes,2,1,r1i1p1f1
ACCESS-ESM1-5,yes,yes,yes,yes,3,3,r1i1p1f1
AWI-CM-1-1-MR,yes,yes,yes,yes,5,1,r1i1p1f1
BCC-CSM2-MR,yes,yes,no,yes,3,1,r1i1p1f1
BCC-ESM1,yes,yes,no,yes,3,0,r1i1p1f1
CAMS-CSM1-0,yes,yes,yes,yes,3,2,r1i1p1f1
CESM2,yes,yes,yes,yes,11,1,r1i1p1f1
CESM2-WACCM,yes,yes,yes,yes,3,1,r1i1p1f1
CESM2-WACCM-FV2,yes,yes,yes,yes,1,0,r1i1p1f1
CNRM-CM6-1,yes,yes,no,yes,10,1,r1i1p1f2
CNRM-CM6-1-HR,yes,yes,yes,no,1,1,r1i1p1f2
CNRM-ESM2-1,yes,yes,yes,yes,5,1,r1i1p1f2
CanESM5,yes,yes,yes,no,25,10,r1i1p1f1
E3SM-1-0,yes,yes,yes,no,5,0,r1i1p1f1
EC-Earth3,yes,yes,yes,yes,14,13,r1i1p1f1
EC-Earth3-Veg,yes,yes,yes,yes,4,3,r1i1p1f1
FGOALS-f3-L,yes,yes,no,yes,1,1,r1i1p1f1
FIO-ESM-2-0,yes,yes,yes,yes,3,3,r1i1p1f1
GFDL-CM4,yes,yes,yes,yes,1,1,r1i1p1f1
GFDL-ESM4,yes,yes,yes,yes,1,1,r1i1p1f1
GISS-E2-1-G,yes,yes,yes,yes,10,0,r1i1p1f1
GISS-E2-1-G-CC,yes,yes,yes,yes,1,0,r1i1p1f1
GISS-E2-1-H,yes,yes,yes,yes,10,0,r1i1p1f1
HadGEM3-GC31-LL,yes,yes,no,yes,4,1,r1i1p1f3
HadGEM3-GC31-MM,yes,yes,no,no,4,0,r1i1p1f3
INM-CM4-8,yes,yes,yes,no,1,1,r1i1p1f1
INM-CM5-0,yes,yes,yes,no,10,1,r1i1p1f1
IPSL-CM6A-LR,yes,yes,yes,yes,32,2,r1i1p1f1
MIROC-ES2L,yes,yes,yes,no,3,1,r1i1p1f2
MIROC6,yes,yes,yes,no,10,3,r1i1p1f1
MPI-ESM-1-2-HAM,yes,yes,yes,yes,2,0,r1i1p1f1
MPI-ESM1-2-HR,yes,yes,yes,yes,10,2,r1i1p1f1
MPI-ESM1-2-LR,yes,yes,yes,yes,10,10,r1i1p1f1
MRI-ESM2-0,yes,yes,yes,yes,5,1,r1i1p1f1
NESM3,yes,yes,yes,no,5,2,r1i1p1f1
NorCPM1,yes,yes,yes,no,30,0,r1i1p1f1
NorESM2-LM,yes,yes,yes,no,1,0,r1i1p1f1
NorESM2-MM,yes,yes,no,no,1,0,r1i1p1f1
SAM0-UNICON,yes,yes,yes,yes,1,0,r1i1p1f1
UKESM1-0-LL,yes,yes,yes,yes,12,5,r1i1p1f2
