Model name,First variant,Historical,SSP2-4.5,have_SH_sia,have_SH_sic,pre-industrial control,sivol,,,,,,,URL/DOI
ACCESS-CM2,r1i1p1f1,2,1,yes,yes,yes,yes,,,,,ACCESS-CM2,v20190815,10.22033/ESGF/CMIP6.4271
ACCESS-ESM1-5,r1i1p1f1,3,3,yes,yes,yes,yes,,,,,ACCESS-ESM1-5,v20190922,10.22033/ESGF/CMIP6.4272
AWI-CM-1-1-MR,r1i1p1f1,5,1,yes,yes,yes,yes,,,,,AWI-CM-1-1-MR,v20181218,10.22033/ESGF/CMIP6.359
BCC-CSM2-MR,r1i1p1f1,3,1,yes,yes,no,yes,,,,,BCC-CSM2-MR,v20181127,10.22033/ESGF/CMIP6.2948
BCC-ESM1,r1i1p1f1,3,0,yes,yes,no,yes,,,,,BCC-ESM1,v20181202,10.22033/ESGF/CMIP6.2949
CAMS-CSM1-0,r1i1p1f1,3,2,yes,yes,yes,yes,,,,,CAMS-CSM1-0,v20190708,10.22033/ESGF/CMIP6.9754
CESM2,r1i1p1f1,11,1,yes,yes,yes,yes,,,,,CESM2,v20190308,10.22033/ESGF/CMIP6.7627
CESM2-WACCM,r1i1p1f1,3,1,yes,yes,yes,yes,,,,,CESM2-WACCM,v20190227,10.22033/ESGF/CMIP6.10071
CESM2-WACCM-FV2,r1i1p1f1,1,0,yes,yes,yes,yes,,,,,CESM2-WACCM-FV2,v20191120,10.22033/ESGF/CMIP6.11298
CNRM-CM6-1,r1i1p1f2,10,1,yes,yes,no,yes,,,,,CNRM-CM6-1,v20180917,10.22033/ESGF/CMIP6.4066
CNRM-CM6-1-HR,r1i1p1f2,1,1,yes,yes,yes,no,,,,,CNRM-CM6-1-HR,v20191021,10.22033/ESGF/CMIP6.4067
CNRM-ESM2-1,r1i1p1f2,5,1,yes,yes,yes,yes,,,,,CNRM-ESM2-1,v20181206,10.22033/ESGF/CMIP6.4068
CanESM5,r1i1p1f1,25,10,yes,yes,yes,no,,,,,CANESM5,v20190429,10.22033/ESGF/CMIP6.3610
E3SM-1-0,r1i1p1f1,5,0,yes,yes,yes,no,,,,,E3SM-1-0,v20190926,10.22033/ESGF/CMIP6.4497
EC-Earth3,r1i1p1f1,14,13,yes,yes,yes,yes,,,,,EC-EARTH3,v20190711,10.22033/ESGF/CMIP6.4700
EC-Earth3-Veg,r1i1p1f1,4,3,yes,yes,yes,yes,,,,,EC-EARTH3-VEG,?,10.22033/ESGF/CMIP6.4706
FGOALS-f3-L,r1i1p1f1,1,1,yes,yes,no,yes,,,,,FGOALS-F3-L,v20191031?,10.22033/ESGF/CMIP6.3355
FIO-ESM-2-0,r1i1p1f1,3,3,yes,yes,yes,yes,,,,,FIO-ESM-2-0,v20191127,10.22033/ESGF/CMIP6.9199
GFDL-CM4,r1i1p1f1,1,1,yes,yes,yes,yes,,,,,GFDL-CM4,v20180701,10.22033/ESGF/CMIP6.8594
GFDL-ESM4,r1i1p1f1,1,1,yes,yes,yes,yes,,,,,GFDL-ESM4,v20190726,10.22033/ESGF/CMIP6.8597
GISS-E2-1-G,r1i1p1f1,10,0,yes,yes,yes,yes,,,,,GISS-E2-1-G,v20180827,10.22033/ESGF/CMIP6.7127
GISS-E2-1-G-CC,r1i1p1f1,1,0,yes,yes,yes,yes,,,,,GISS-E2-1-G-CC,v20190815,10.22033/ESGF/CMIP6.11762
GISS-E2-1-H,r1i1p1f1,10,0,yes,yes,yes,yes,,,,,GISS-E2-1-H,v20190403,10.22033/ESGF/CMIP6.7128
HadGEM3-GC31-LL,r1i1p1f3,4,1,yes,yes,no,yes,,,,,HADGEM3-GC31-LL,?,?
HadGEM3-GC31-MM,r1i1p1f3,4,0,yes,yes,no,no,,,,,HADGEM3-GC31-MM,?,?
INM-CM4-8,r1i1p1f1,1,1,yes,yes,yes,no,,,,,INM-CM4-8,v20190530,10.22033/ESGF/CMIP6.5069
INM-CM5-0,r1i1p1f1,10,1,yes,yes,yes,no,,,,,INM-CM5-0,v20190610,10.22033/ESGF/CMIP6.5070
IPSL-CM6A-LR,r1i1p1f1,32,2,yes,yes,yes,yes,,,,,IPSL-CM6A-LR,v20180803,10.22033/ESGF/CMIP6.5195
MIROC-ES2L,r1i1p1f2,3,1,yes,yes,yes,no,,,,,MIROC-ES2L,v20190823,10.22033/ESGF/CMIP6.5602
MIROC6,r1i1p1f1,10,3,yes,yes,yes,no,,,,,MIROC6,v20181212,10.22033/ESGF/CMIP6.5603
MPI-ESM-1-2-HAM,r1i1p1f1,2,0,yes,yes,yes,yes,,,,,MPI-ESM-1-2-HAM,v20190627,?
MPI-ESM1-2-HR,r1i1p1f1,10,2,yes,yes,yes,yes,,,,,MPI-ESM1-2-HR,v20190710,10.22033/ESGF/CMIP6.6594
MPI-ESM1-2-LR,r1i1p1f1,10,10,yes,yes,yes,yes,,,,,MPI-ESM1-2-LR,v20190710,10.22033/ESGF/CMIP6.6595
MRI-ESM2-0,r1i1p1f1,5,1,yes,yes,yes,yes,,,,,MRI-ESM2-0,?,?
NESM3,r1i1p1f1,5,2,yes,yes,yes,no,,,,,NESM3,v20190704,10.22033/ESGF/CMIP6.8769
NorCPM1,r1i1p1f1,30,0,yes,yes,yes,no,,,,,NORCPM1,v20190914,http://cera-www.dkrz.de/WDCC/meta/CMIP6/CMIP6.CMIP.NCC.NorCPM1.historical ???
NorESM2-LM,r1i1p1f1,1,0,yes,yes,yes,no,,,,,NORESM2-LM,v20191108,http://cera-www.dkrz.de/WDCC/meta/CMIP6/CMIP6.CMIP.NCC.NorESM2-LM.historical ??
NorESM2-MM,r1i1p1f1,1,0,yes,yes,no,no,,,,,NORESM2-MM,v20191108,http://cera-www.dkrz.de/WDCC/meta/CMIP6/CMIP6.CMIP.NCC.NorESM2-MM.historical ??
SAM0-UNICON,r1i1p1f1,1,0,yes,yes,yes,yes,,,,,SAM0-UNICON,v20190323,10.22033/ESGF/CMIP6.7789
UKESM1-0-LL,r1i1p1f2,12,5,yes,yes,yes,yes,,,,,UKESM1-0-LL,?,10.22033/ESGF/CMIP6.6113